group,sub,symbol,amt_1d,chg_1d,amt_5d,chg_5d,amt_20d,chg_20d,amt_60d,chg_60d,amt_1y,chg_1y,amt_ytd,ytd,stock_code
電子–半導體,電子上游-IC-製造,華邦電,132,-4.91,1183.30832,24.4,3496.8463,57.38,10229.95232,143.9,16932.91913,793.47,3496.8463,57.38,2344
電子–半導體,電子上游-IC-代工,台積電,566,-0.53,2774.28741,2.56,13810.52796,16.45,32260.72489,20.33,105595.3966,66.77,13810.52796,16.45,2330
電子–半導體,電子上游-記憶體製造,南亞科,387,-9.51,1721.32808,11.44,3635.71737,53.89,12538.48017,125.86,23548.19336,964.52,3635.71737,53.89,2408
電子–光電,電子中游-LCD-TFT面板,群創,226,5.77,690.90619,-16.14,2078.3334,24.93,2699.07232,58.36,4314.6613,71.08,2078.3334,24.93,3481
電子–電子零組件,電子上游-PCB-材料設備,富喬,7.93,-1.85,246.88624,-7.47,1825.48021,-2.97,5075.97936,25.14,12362.16857,172.21,1825.48021,-2.97,1815
電子–半導體,電子上游-IC-封測,京元電子,39.4,-3.56,403.37322,11.11,1414.72712,23.23,4032.63392,42.52,9510.59179,193.49,1414.72712,23.23,2449
電子–半導體,電子上游-IP/ASIC,世芯-KY,35.4,1.22,407.80757,-0.15,1578.55144,-6.84,4388.62286,-5.08,18253.63546,-7.8,1578.55144,-6.84,3661
電子–半導體,電子上游-記憶體銷售,威剛,95,0.88,447.40317,21.42,612.8721,28.8,2257.25899,98.9,4548.48783,385.44,612.8721,28.8,3260
電子–半導體,電子上游-記憶體IC設計,群聯,107,-1.67,751.70249,12.17,2192.20039,58.97,6272.70092,121.8,9944.30098,371.09,2192.20039,58.97,8299
電子–其他電子,電子上游-PCB-材料設備,尖點,16.9,1.52,82.79231,-8.68,826.81975,16.32,3069.50365,88.09,5651.2302,570.1,826.81975,16.32,8021
電子–半導體,電子上游-記憶體銷售,創見,18.4,1.64,229.84126,11.64,888.8103,32.14,1417.88389,102.34,1910.16421,217.17,888.8103,32.14,2451
電子–電子零組件,電子上游-PCB-材料設備,凱崴,4.91,2.86,62.22364,-5.28,163.03299,24.6,669.55905,158.44,1008.29116,494.13,163.03299,24.6,5498
電機機械,傳產-電機,大量,2.98,5.43,65.57101,-0.67,348.71584,-9.02,1551.45542,14.73,4729.38946,128.77,348.71584,-9.02,3167
電子–通信網路,電子中游-通訊設備,光聖,97.2,-4.53,267.35214,33.2,966.30609,26.84,2760.22897,93.82,7135.99673,212.91,966.30609,26.84,6442
電子–半導體,電子上游-記憶體IC設計,愛普*,15.3,-1.36,119.33885,-6.93,597.68327,-1.12,1297.52116,14.77,2955.91065,46.67,597.68327,-1.12,6531
電子–通信網路,電子中游-通訊設備,華星光,17,-5.25,583.30005,16.35,1538.73898,2.76,3866.63486,69.8,10490.8193,51.6,1538.73898,2.76,4979
電子–其他電子,電子中游-EMS,鴻海,80.9,-0.45,557.45704,0.22,2620.9622,-2.82,8006.52071,-8.2,28505.00911,31.15,2620.9622,-2.82,2317
綠能環保,傳產-綠能環保,可寧衛*,3.16,-0.31,153.813,-6.19,1123.4899,22.31,1438.89199,59.71,1644.18025,125.23,1123.4899,22.31,8422
電子–半導體,電子上游-IC-封測,欣銓,7.73,1.06,176.46297,3.63,519.58317,26.1,969.45562,69,2224.84661,120.94,519.58317,26.1,3264
電子–半導體,電子上游-IC-代工,力積電,92.7,-0.16,1179.23346,2.36,2674.13823,64.6,6437.70401,124.1,9409.49304,278.49,2674.13823,64.6,6770
電子–半導體,電子上游-IC-封測,矽格,6.67,-1.5,54.17065,-2.59,370.79155,12.88,743.04795,27.05,1397.75205,85.42,370.79155,12.88,6257
電子–電子零組件,電子中游-電源供應器,康舒,3.9,-1.17,186.50775,-9.95,1192.76275,26.24,1629.89594,33.33,2405.6321,76.06,1192.76275,26.24,6282
電子–半導體,電子上游-IC-設計,信驊,26.4,1.94,138.71787,7.07,539.41587,28.31,1872.90415,69.36,5537.46359,153.3,539.41587,28.31,5274
電子–電子零組件,電子上游-PCB-材料設備,台燿,67.2,-0.4,308.85615,4.94,947.85015,3.24,3300.05335,29.11,9981.60823,227.17,947.85015,3.24,6274
電子–半導體,電子上游-記憶體IC設計,晶豪科,24.5,-1.01,379.43317,20.34,588.97127,50.42,1163.79954,102.16,2074.52912,195.44,588.97127,50.42,3006
電子–半導體,電子上游-記憶體銷售,十銓,8.3,-1.85,231.18804,21.12,736.72011,32.01,1678.30179,97.23,2432.78019,196.78,736.72011,32.01,4967
電子–電子零組件,電子上游-被動元件,榮科,35.5,2.1,53.25572,-3.61,275.19097,12,691.501,46.45,914.03941,224.86,275.19097,12,4989
電子–半導體,電子上游-IC-設計,聯發科,77.7,-0.56,1422.59019,19.87,3369.49196,26.89,7806.13462,37.99,25331.37722,24.59,3369.49196,26.89,2454
電子–電腦及週邊設備,電子中游-EMS,緯穎,53.4,-0.12,348.30913,-1.2,1768.16341,-17.06,4607.67811,-13.49,14175.49613,72.58,1768.16341,-17.06,6669
電子–半導體,電子上游-IC-製造,旺宏,185,-4.65,1052.03877,25.48,2700.96442,133.46,5007.58801,210.1,6637.40744,372.31,2700.96442,133.46,2337
電子–半導體,電子上游-IC-封測,穎崴,26.8,9.95,138.93813,4,603.06498,37.32,1612.3496,61.16,4803.37104,224.59,603.06498,37.32,6515
其他,電子下游-消費電子,雷虎,1.79,0,40.7573,0.32,228.91911,6.9,672.84729,10.32,2287.88484,148.4,228.91911,6.9,8033
電子–光電,電子中游-光學鏡片,大立光,13.6,0.85,83.53545,-0.41,557.7484,-2.81,1140.181,9.48,3673.46117,-6.84,557.7484,-2.81,3008
電子–電子零組件,電子中游-電源供應器,台達電,136,-1.12,819.73842,0.8,3080.09372,30.32,7317.09011,28.72,20036.08485,218.54,3080.09372,30.32,2308
電子–半導體,電子上游-IC-封測,聯鈞,69.1,-1.57,141.5281,1.56,465.10506,-3.7,1886.03615,-2.26,8698.14369,-17.27,465.10506,-3.7,3450
電子–其他電子,電子中游-儀器設備工程,亞翔,7.5,-2.77,185.44765,10.04,760.0936,11.23,1921.66946,34.06,5455.26377,143.01,760.0936,11.23,6139
電子–電子零組件,電子中游-電源供應器,環科,1.61,-0.3,14.671,-3.52,40.04096,-6.91,198.93089,111.72,214.83892,74.33,40.04096,-6.91,2413
電子–半導體,電子上游-IC-封測,日月光投控,43.3,-3.25,292.51648,4.03,1248.61423,23.75,3331.23568,29.71,8317.88254,94.38,1248.61423,23.75,3711
電機機械,電子上游-IC-代工,中砂,7.16,1.57,50.59769,-0.58,295.7444,8.2,737.91769,40.43,2502.56268,63.07,295.7444,8.2,1560
電子–電腦及週邊設備,電子中游-二次電池,順達,55.7,0.31,163.30891,8.17,382.36444,-1.78,1294.0868,12.97,5154.03893,93.36,382.36444,-1.78,3211
電子–半導體,電子上游-記憶體銷售,宇瞻,11.8,4.31,60.92507,1.27,417.64943,5.75,914.28458,25.26,1367.86688,157.38,417.64943,5.75,8271
鋼鐵工業,傳產-鋼鐵,第一銅,0.0521,-0.58,43.1168,13.55,125.86619,13.78,304.04159,36.23,671.64112,41.75,125.86619,13.78,2009
電子–電子零組件,電子上游-PCB-材料設備,建榮,1.72,4.59,16.51853,-3.38,200.57263,38.91,466.85401,102.5,727.63558,132.57,200.57263,38.91,5340
電子–電子零組件,電子上游-ABF,欣興,58.8,-4,904.18643,5.35,3001.59336,56.59,5441.61431,104.45,11916.0247,185.87,3001.59336,56.59,3037
電子–電腦及週邊設備,電子中游-NB與手機零組件,奇鋐,75.1,1.37,431.39741,10.33,1706.21147,-0.99,5162.96621,4.18,16298.0822,172.71,1706.21147,-0.99,3017
玻璃陶瓷,傳產-玻璃陶瓷,台玻,4.34,-2.31,75.87697,-2.73,1069.27972,44.14,2981.88313,75.04,5300.37453,200,1069.27972,44.14,1802
電子–電子零組件,電子上游-PCB-製造,金像電,92.5,7.61,348.29478,10.54,1279.49077,0.73,4216.32306,43.27,9987.77851,220.98,1279.49077,0.73,2368
電器電纜,傳產-電線電纜,華新,8.43,-0.91,346.25228,12.68,1543.43228,38.36,2634.7412,53.04,4607.25204,84.02,1543.43228,38.36,1605
電機機械,傳產-電機,恩德,0.07486,0.67,4.21639,-1.43,55.05717,16.21,129.10623,97.85,306.66523,92.2,55.05717,16.21,1528
電子–其他電子,電子中游-儀器設備工程,聖暉*,5.22,-2.91,66.7433,0,506.51286,-12.59,1145.34172,-7.12,2732.4551,55.45,506.51286,-12.59,5536
電子–光電,電子中游-LCD-零組件,中光電,2.39,-1.44,122.03064,-11.66,364.38116,8.37,811.27155,-2.1,3764.45247,21.72,364.38116,8.37,5371
電子–半導體,電子上游-IP/ASIC,力旺,8.43,-1.44,200.48491,27.85,439.57012,10.12,1144.60696,-5.69,4279.54661,-41.39,439.57012,10.12,3529
電子–光電,電子中游-LCD-TFT面板,友達,24,3.59,127.2139,-10.1,1193.77216,12.65,1509.82799,18.45,2389.32461,3.76,1193.77216,12.65,2409
電子–電子零組件,電子上游-PCB-製造,華通,174,-0.98,879.62387,14.47,2606.1471,91.19,3718.40865,108.92,6033.58849,177.91,2606.1471,91.19,2313
電子–電腦及週邊設備,電子下游-筆記型電腦,廣達,36.6,-0.17,198.64423,0,1154.30585,4.04,2967.43463,-1.57,13128.88166,14.92,1154.30585,4.04,2382
電子–半導體,電子上游-IP/ASIC,創意,45.4,1.27,482.10969,4.66,1666.95749,26.82,4693.10096,64.83,9893.84011,104.87,1666.95749,26.82,3443
電子–電子零組件,電子上游-PCB-材料設備,台光電,66.8,-0.21,392.0657,7.83,1398.71766,8.81,3557.62505,21.77,11644.87028,200.24,1398.71766,8.81,2383
電機機械,傳產-電機,高力,2.19,0,21.21948,6.88,532.68918,33.97,1238.01745,20.65,3381.34123,146.52,532.68918,33.97,8996
電子–半導體,電子上游-晶圓材料,環球晶,13.6,-0.74,180.5342,-1.18,853.81408,23.65,1307.73868,4.87,3844.22326,62.79,853.81408,23.65,6488
電子–電子零組件,電子上游-PCB-製造,定穎投控,43.1,2.68,391.92563,4.76,1391.65161,12.16,3289.1666,58.54,6338.21091,140.94,1391.65161,12.16,3715
電子–電子零組件,電子上游-被動元件,國巨*,39.7,-0.93,524.17236,-6.42,3284.66332,19.91,6099.84195,16.39,12445.41799,99.9,3284.66332,19.91,2327
電子–通信網路,電子中游-網通,智邦,90.5,3.17,245.07783,1.74,1202.33799,-1.27,3776.4818,1.74,11448.5088,61.93,1202.33799,-1.27,2345
電子–電子零組件,電子上游-PCB-材料設備,揚博,0.05845,2.44,5.18686,-4.26,48.80671,-7.02,143.09057,24.86,363.87187,30.47,48.80671,-7.02,2493
電子–半導體,電子上游-IC-封測,南茂,10.7,-1.59,140.91863,-5.61,866.43666,31.92,1489.18923,89.63,1667.41577,102.74,866.43666,31.92,8150
電子–電腦及週邊設備,電子下游-筆記型電腦,緯創,28,1.56,241.38208,-2.21,1481.56517,-11.96,3954.54494,-4.68,12988.66495,26.29,1481.56517,-11.96,3231
電子–半導體,電子上游-IC-封測,精測,16.9,2.5,123.34675,8.25,384.76018,37.86,1069.05856,95.05,2538.97564,275.4,384.76018,37.86,6510
電子–半導體,電子上游-IC-封測,旺矽,40.1,4.22,182.26802,7.45,776.80176,15.33,1974.7219,29.75,6324.96395,212.53,776.80176,15.33,6223
電子–半導體,電子上游-IC-代工,穩懋,10.9,-0.5,357.51704,4.48,1421.39409,33.88,2612.63517,99.19,3384.73537,145.37,1421.39409,33.88,3105
電子–電腦及週邊設備,電子上游-記憶體銷售,宜鼎,30.2,3.47,113.48847,1.99,584.98071,33.33,1566.49203,80.28,2551.59222,228.78,584.98071,33.33,5289
電子–電腦及週邊設備,電子中游-電源供應器,光寶科,24.4,-1.24,316.42421,-5.65,808.81884,2.14,1852.08933,-1.76,6835.76079,60.79,808.81884,2.14,2301
電子–其他電子,電子中游-儀器設備工程,漢唐,33.7,0,147.35449,-4.04,959.53464,0.11,2072.67313,12.83,5267.51967,111.6,959.53464,0.11,2404
電子–電子零組件,電子上游-連接元件,富世達,70.4,7.58,174.06494,5.32,667.35064,-8.62,2078.58178,3.48,6151.95296,109,667.35064,-8.62,6805
電子–其他電子,電子中游-散熱零組件,雙鴻,48.3,1.12,102.82511,1.08,558.2474,-6.93,1883.24135,-8.74,7265.42181,56.31,558.2474,-6.93,3324
電子–電子零組件,電子上游-被動元件,蜜望實,0.06764,0.14,18.36428,-7.83,257.77259,-1.51,745.98863,84.93,948.35581,173.05,257.77259,-1.51,8043
電子–半導體,電子上游-IC-導線架,長科*,6.43,6.7,61.32136,2.73,170.87224,34.68,317.42465,51.98,432.15544,80.02,170.87224,34.68,6548
電子–光電,電子上游-LED照明及光元件,惠特,12.6,-8.4,29.93243,12.89,162.69233,-9.61,624.92973,92.13,936.92617,27.25,162.69233,-9.61,6706
電子–通信網路,電子上游-被動元件,上詮,8.47,-3.43,98.50916,4.98,325.97627,-5.46,977.70096,24.64,3264.34894,26.28,325.97627,-5.46,3363
塑膠工業,傳產-塑膠,南亞,68.8,-0.12,503.54138,-0.9,2332.48878,28.07,5062.68138,86.46,7776.59891,154.71,2332.48878,28.07,1303
電子–半導體,電子上游-IC-半導體設備,鴻勁,32.7,-0.71,106.72827,1.35,652.2419,9.49,1580.37346,0,1580.37346,0,652.2419,9.49,7769
電子–半導體,電子上游-記憶體銷售,品安,0.05528,-0.84,35.70599,3.79,237.58121,42.21,419.45742,63.43,1084.15193,191.74,237.58121,42.21,8088
電子–電子通路,電子上游-IC-通路,方土昶,1.44,2.97,54.28,-7.29,132.48391,54.28,223.12422,311.62,242.55786,381.55,132.48391,54.28,6265
電子–電子通路,電子上游-IC-通路,至上,5.44,-1.7,167.54924,7.05,668.26462,7.76,1752.29485,21.42,2429.52221,40.98,668.26462,7.76,8112
航運業,傳產-航運,漢翔,1.82,0,30.05733,-3.15,184.24794,9.49,383.6048,2.59,2539.58945,30.08,184.24794,9.49,2634
電子–半導體,電子上游-ABF,景碩,59.2,-2.02,433.73764,11.68,1678.26895,44.34,2773.31039,70.63,5028.21793,149.76,1678.26895,44.34,3189
電子–其他電子,電子上游-連接元件,貿聯-KY,78.6,2.61,183.57903,-3.87,953.77973,-10.2,3345.59306,-1.09,8976.96039,99.65,953.77973,-10.2,3665
電子–電子零組件,電子上游-PCB-製造,台虹,30.8,3.1,112.90719,2.38,309.06416,5.99,1154.26973,39.35,1701.81634,94.32,309.06416,5.99,8039
電子–半導體,電子上游-IC-封測,力成,14.1,0.22,321.75484,-0.78,1223.75434,47.69,1907.07682,46.84,3524.25789,131.94,1223.75434,47.69,6239
電子–半導體,電子上游-IC-封測,華泰,3.11,-1.71,73.2052,-3.51,404.67008,7.86,769.70711,26.36,1427.60427,79.33,404.67008,7.86,2329
電子–電腦及週邊設備,電子下游-筆記型電腦,華碩,16.1,1.74,84.39253,-0.78,528.53859,-7.48,1725.79807,-26.31,6264.92855,-21.05,528.53859,-7.48,2357
電子–半導體,電子上游-IC-半導體設備,家登,1.87,-1,60.03525,-5.26,291.27889,16.43,476.75323,22.59,1199.36757,-3.36,291.27889,16.43,3680
電子–電子零組件,電子上游-PCB-材料設備,鉅橡,1.66,1.9,42.48257,0.75,192.48179,32.35,386.76254,146.8,472.49293,234.82,192.48179,32.35,8074
生技醫療,傳產-生技,藥華藥,16.3,1.31,295.78045,31,569.87962,55.53,921.27943,48.13,3137.03132,6.13,569.87962,55.53,6446
電子–其他電子,傳產-其他,光洋科,21.9,5.74,53.83697,3.14,156.31577,-1.35,453.72418,15.7,1342.70637,17.02,156.31577,-1.35,1785
電子–電子零組件,電子中游-二次電池,AES-KY,8.81,0,74.3081,-2.04,303.24318,-9.77,1530.78425,-8.75,5293.33505,10.92,303.24318,-9.77,6781
電子–半導體,電子上游-IC-封測,超豐,1.75,-0.34,84.69063,-7.73,339.37996,3.26,649.23522,30.35,769.47647,54.71,339.37996,3.26,2441
電子–半導體,電子上游-記憶體IC設計,鈺創,8.28,-4.64,75.05822,0,270.10483,19.29,545.08624,70.7,862.63093,81.17,270.10483,19.29,5351
電機機械,傳產-電機,華城,48.7,-2.63,203.82395,-6.02,1221.4744,32.68,2525.71476,31.48,7572.15394,119.8,1221.4744,32.68,1519
電子–電子零組件,電子中游-金屬製品,川湖,19.2,-3.46,155.99741,-8.03,754.45898,-14.53,2110.85284,-23.6,6104.19394,95.8,754.45898,-14.53,2059
電子–光電,電子上游-IC-導線架,一詮,9.44,0,214.68653,33.33,321.9169,36.32,892.01528,77.53,1690.35533,20.95,321.9169,36.32,2486
電子–電子零組件,電子中游-散熱零組件,健策,127,8.76,367.31432,13.09,1063.86903,5.46,3106.77511,43.32,7540.45713,127.51,1063.86903,5.46,3653
電子–電子零組件,電子上游-ABF,南電,10.8,1.84,81.89543,0.94,1096.9419,55.19,2462.64598,33.57,7597.05786,195.93,1096.9419,55.19,8046
電子–光電,電子中游-儀器設備工程,牧德,20.4,-8.96,20.37408,-1.13,93.10101,-8.52,321.73569,-5.48,1880.34327,39.47,93.10101,-8.52,3563
航運業,傳產-航運,長榮,33.4,1.2,92.31418,-1.3,429.91716,0,1051.54709,1.06,7672.081,2.99,429.91716,0,2603
電子–電子零組件,電子上游-PCB-材料設備,德宏,2.44,7.63,4.66838,-2.29,93.91578,11.05,200.88116,71.77,493.25133,694.78,93.91578,11.05,5475
鋼鐵工業,傳產-鋼鐵,中鋼,6.73,3.11,95.22865,8.95,243.80256,8.95,452.52888,14.05,1624.45649,4.7,243.80256,8.95,2002
電子–光電,電子上游-PCB-製造,台表科,1.04,-0.99,8.3454,-3.7,30.72352,-1.68,94.52138,-9.81,443.5543,-8.36,30.72352,-1.68,6278
電子–其他電子,電子中游-儀器設備工程,德律,30.6,-1.61,32.44979,0.55,117.57387,-5.22,417.33627,19.41,1316.44534,48.54,117.57387,-5.22,3030
電子–電子通路,電子上游-IC-通路,文曄,26.1,2.13,103.82794,7.07,256.95985,16.06,839.86568,6.71,1969.29968,59.3,256.95985,16.06,3036
電機機械,傳產-電機,鈦昇,1.33,-2.29,19.62689,6.67,94.76726,2.28,214.87986,22.94,380.13387,34.29,94.76726,2.28,8027
電子–電子零組件,電子上游-PCB-製造,毅嘉,1.53,-0.58,18.20223,-1.43,106.99054,-12.54,443.5081,9.11,1122.65541,52.5,106.99054,-12.54,2402
電子–半導體,電子上游-IC-封測,台星科,1.28,0.36,32.25879,2.49,141.68038,13.83,246.4091,46.79,317.08919,34.14,141.68038,13.83,3265
電機機械,傳產-電機,東元,4.96,-0.96,142.34532,-5.38,588.4006,0.6,1676.11028,-25.55,5936.85617,66.7,588.4006,0.6,1504
電子–半導體,電子上游-IC-設計,譜瑞-KY,2.52,0.96,31.63808,1.06,174.3997,-2.23,354.26952,-14.39,1714.03716,-15.81,174.3997,-2.23,4966
電子–通信網路,電子中游-網通,眾達-KY,22.6,3.73,68.97188,12.35,143.25534,-3.87,562.49756,19.74,1548.33271,7.67,143.25534,-3.87,4977
電子–其他電子,電子上游-IC-半導體設備,矽科宏晟,0.02894,0.88,3.46748,0,37.07913,-12.71,48.72979,0,48.72979,0,37.07913,-12.71,6725
電子–半導體,電子上游-記憶體銷售,凌航,4.27,5.33,22.65179,-5.16,136.9217,34.12,215.53563,193.47,265.21437,0,136.9217,34.12,3135
金融保險,金融-金控,玉山金,7.4,-0.15,53.1311,0.6,236.32691,-0.15,941.70315,11.22,2767.41725,21.84,236.32691,-0.15,2884
生技醫療,傳產-生技,晟德,7.6,1.98,7.66742,-0.24,24.01516,-0.48,54.27965,12.35,128.26893,10.67,24.01516,-0.48,4123
電子–通信網路,電子中游-通訊設備,耀登,10.6,-1.1,14.71224,3.14,77.74292,67.13,111.24328,94.5,142.13427,72.41,77.74292,67.13,3138
電子–半導體,電子上游-IC-封測,福懋科,5.9,-4.95,138.29803,10.62,402.05659,20.71,749.60374,115.45,801.58491,189.8,402.05659,20.71,8131
塑膠工業,傳產-塑膠,台塑,19,5.91,242.07286,13.07,461.99192,26.41,866.76982,30.94,2254.09363,40.26,461.99192,26.41,1301
電子–電腦及週邊設備,電子中游-EMS,大眾控,6.93,-4.43,23.15609,1.43,68.49452,4.41,140.99681,63.22,218.71858,48.07,68.49452,4.41,3701
電子–光電,電子下游-太陽能,元晶,97.6,-3.8,194.16006,0.91,837.74291,39.78,961.55703,186.76,1108.20106,124.78,837.74291,39.78,6443
電子–電子零組件,電子上游-PCB-製造,精成科,2.49,-1.01,48.65592,-5.53,225.27011,-0.89,1113.32951,-7.88,5281.92895,48.85,225.27011,-0.89,6191
電子–其他電子,電子中游-儀器設備工程,致茂,20.8,-2.14,107.1278,0.5,565.65108,30.97,2124.17943,30.8,4684.11142,199.53,565.65108,30.97,2360
電子–光電,電子中游-光學鏡片,邑錡,0.0695,-3.47,8.28523,-2.83,45.79776,4.56,125.46342,18.03,603.75495,64.2,45.79776,4.56,7402
電子–半導體,電子上游-IC-代工,聯電,33.7,-0.16,1302.27114,1.18,3517.86235,38.88,4412.58608,44.3,8093.61629,81.58,3517.86235,38.88,2303
電子–半導體,電子上游-IC-半導體設備,萬潤,6.74,-1.5,26.72812,-3.47,190.80889,3.3,361.20638,4.44,2427.99056,-3.86,190.80889,3.3,6187
電子–其他電子,傳產-其他,鑫科,0.06524,0.89,7.83115,-10.45,67.63481,8.63,93.33006,41.03,292.84924,1,67.63481,8.63,3663
電子–電腦及週邊設備,電子下游-電腦周邊,廣明,0.08489,0.32,39.43249,0.92,136.33612,2.34,256.70147,5.8,1083.67646,6,136.33612,2.34,6188
電子–其他電子,電子中游-儀器設備工程,帆宣,4.77,-1.23,28.72894,-1.86,253.74484,5.64,474.36333,17.14,1152.38755,104.81,253.74484,5.64,6196
電子–通信網路,電子中游-通訊設備,波若威,6.68,0.7,350.80195,27.02,565.88342,18.57,1980.9172,110,7565.52689,206.12,565.88342,18.57,3163
電子–光電,電子中游-光學鏡片,今國光,0.07477,1.8,81.50624,7.69,147.17104,2.69,490.06334,51.6,705.92125,109.47,147.17104,2.69,6209
電子–電子零組件,電子上游-PCB-材料設備,聯茂,8.94,-0.39,88.62787,-9.43,270.23261,-2.64,562.95223,-4.74,2571.03565,44.63,270.23261,-2.64,6213
電子–電腦及週邊設備,電子中游-機殼,勤誠,16.4,0.97,116.10339,-1.06,454.71861,-7.46,1235.09837,-4.62,3463.88396,244.53,454.71861,-7.46,8210
電子–電腦及週邊設備,電子下游-工業電腦,事欣科,3.47,0.66,76.41267,4.07,188.28862,16.67,331.28381,27.39,1888.37842,72.55,188.28862,16.67,4916
航運業,傳產-航運,陽明,38.1,1.17,34.55289,-1.44,169.42142,-1.8,526.2459,-0.91,4802.50873,-10.74,169.42142,-1.8,2609
航運業,傳產-航運,長榮航,9.65,0.59,57.46028,-3.19,262.53126,3.83,558.57443,4.55,2869.30767,-7.1,262.53126,3.83,2618
電子–電子零組件,電子上游-PCB-製造,泰鼎-KY,1.5,0.22,16.28877,-10.18,146.21777,-0.46,286.9153,50.46,511.84848,-8.8,146.21777,-0.46,4927
金融保險,金融-金控,台新新光金,11.6,-0.61,73.61237,3.39,330.70062,12.01,1451.29463,20.26,3612.46112,39.24,330.70062,12.01,2887
電子–其他電子,電子中游-儀器設備工程,弘塑,28.1,3.8,70.87054,2.24,411.49688,16.99,864.19627,23.31,3486.70131,51.8,411.49688,16.99,3131
化學工業,傳產-化學工業,國精化,4.73,0.55,15.15265,-3.89,81.9759,-14.4,369.29131,-8.55,1207.82245,172.08,81.9759,-14.4,4722
電子–通信網路,電子下游-電信服務,台灣大,7.23,0.47,36.81825,-1.86,138.19123,-2.76,639.45029,-4.52,2385.8541,-2.33,138.19123,-2.76,3045
航運業,傳產-航運,亞航,0.06159,-1.15,7.70619,-5.41,52.01922,0.77,132.63582,-2.78,829.95915,49.49,52.01922,0.77,2630
電子–電子零組件,電子上游-連接元件,湧德,1.67,-1.4,19.19817,-10.48,146.10764,-3.9,294.57989,6.73,963.92108,17.57,146.10764,-3.9,3689
電子–通信網路,電子中游-通訊設備,兆赫,60.9,9.98,28.26125,17.92,225.55514,54.55,624.00291,200,652.11102,171.1,225.55514,54.55,2485
電子–電子零組件,電子上游-被動元件,光頡,0.03357,-0.36,17.48341,-14.05,150.55291,-0.51,329.70634,42.58,376.30713,51.97,150.55291,-0.51,3624
電子–電子零組件,電子中游-變壓器與UPS,系統電,2.54,-1.48,52.64219,-6.52,163.5461,-5.15,569.38046,4.2,2066.41773,58.91,163.5461,-5.15,5309
電子–電子零組件,電子上游-PCB-製造,臻鼎-KY,17.9,-1.41,197.95767,8.21,691.97313,25.35,1315.24609,10.9,4555.61925,57.27,691.97313,25.35,4958
電子–光電,電子中游-儀器設備工程,廣運,0.0695,-1.84,32.63809,8.76,65.13879,3.33,123.7952,9.56,506.30297,-12.06,65.13879,3.33,6125
電子–電腦及週邊設備,電子中游-EMS,和碩,4.77,2.31,28.37753,0.86,132.78578,2.19,401.13239,-3.84,1377.55891,-23.75,132.78578,2.19,4938
航運業,傳產-航運,龍德造船,0.08678,-0.71,28.019,3.28,106.77516,18.42,208.1156,23.53,1061.17557,44.43,106.77516,18.42,6753
電子–電子通路,電子上游-IC-通路,大聯大,6.54,1.84,18.65583,1.87,114.05096,12.2,543.00383,9.2,1308.28691,0.03,114.05096,12.2,3702
生技醫療,傳產-生技,康霈*,5.31,-2.11,59.42764,3.13,227.09596,6.13,815.80364,11.15,5331.85819,85.67,227.09596,6.13,6919
航運業,傳產-電機,長榮航太,2.65,-2.09,46.01368,-3.97,170.15734,19.37,367.26234,10.06,1591.17276,75.38,170.15734,19.37,2645
電子–電子零組件,電子上游-PCB-製造,健鼎,8.25,2.86,159.24147,11.69,333.86635,21.89,749.90365,12.99,2393.89818,105.85,333.86635,21.89,3044
電子–其他電子,電子上游-PCB-材料設備,昇貿,1.91,-1.4,89.36001,3.86,351.35785,16.91,712.36043,8.04,2392.02469,84.25,351.35785,16.91,3305
金融保險,金融-金控,富邦金,31,-1.88,77.74726,-0.75,312.63374,-3.95,1432.20555,-0.22,5211.88909,6.47,312.63374,-3.95,2881
電子–半導體,電子上游-IC-設計,祥碩,40.9,0.39,130.99586,8.13,524.61968,9.92,824.92022,-7.96,3249.97839,-38.84,524.61968,9.92,5269
電子–通信網路,軟體-系統整合,華電網,1.14,0.78,24.23637,-7.22,223.51717,18.63,406.20551,159.27,452.74415,186.67,223.51717,18.63,6163
電子–半導體,電子上游-IC-設計,晶相光,0.00692,-1.02,1.03453,-3.27,13.24905,-2.47,36.95437,21.58,63.97067,-12.88,13.24905,-2.47,3530
航運業,傳產-航運,華航,7.99,0,43.39285,-1.76,160.36002,10.4,352.2661,13.2,1297.0028,-2.53,160.36002,10.4,2610
電子–電子零組件,電子上游-PCB-製造,瀚宇博,2.23,-1.35,51.88394,-2.4,183.50567,9.97,631.28614,7.29,1629.39077,89.93,183.50567,9.97,5469
電子–通信網路,電子下游-電信服務,中華電,14.5,-0.36,57.61313,0.38,214.62864,2.3,502.37201,1.91,2865.88556,10.04,214.62864,2.3,2412
電子–電子零組件,電子上游-PCB-製造,高技,6.86,-1.46,41.77017,3.18,205.34233,-2.84,1258.09776,-9.41,5511.45615,156.82,205.34233,-2.84,5439
電器電纜,傳產-電線電纜,華榮,0.08004,1.47,29.68562,4.52,87.81201,5.61,288.81324,4.79,573.51345,64.97,87.81201,5.61,1608
電子–電腦及週邊設備,電子中游-散熱零組件,邁科,9.25,-9.88,10.89125,1.47,57.43885,-18.31,194.32231,0,194.32231,0,57.43885,-18.31,6831
電子–其他電子,電子中游-機殼,可成,3.5,1.08,28.20411,0.25,164.01579,-2.64,437.01453,5,1738.92992,7.83,164.01579,-2.64,2474
電子–半導體,電子上游-IC-半導體設備,竑騰,1.21,-1.23,13.43508,3.56,85.2902,8.76,181.61148,79,294.73464,0,85.2902,8.76,7751
電機機械,傳產-電機,大同,4.89,2.42,80.39408,0.62,586.00424,28.05,891.75149,19,2216.51914,0.6,586.00424,28.05,2371
其他,傳產-其他,智通*,#VALUE!,--,53.26347,9.81,100.88985,23.58,184.28548,12.81,1105.2417,138.53,100.88985,23.58,8932
電子–光電,電子中游-儀器設備工程,東捷,1.34,2.48,16.14041,-1.25,89.07054,17.34,134.1119,46.05,324.42365,19.02,89.07054,17.34,8064
文化創意,軟體-遊戲,鈊象,20.6,6.07,43.03404,0.28,196.00563,0.97,823.78599,0,3724.84606,-16.23,196.00563,0.97,3293
電子–半導體,電子中游-LCD-TFT面板,新應材,64.8,5.07,53.91982,0,342.88209,-3.76,694.73982,-0.71,2864.54847,35.29,342.88209,-3.76,4749
數位雲端,軟體-其他,創泓科技,0.00503,0,1.72603,-6.51,14.89311,-5.11,33.16645,20.61,77.04299,82.3,14.89311,-5.11,7714
電子–半導體,電子上游-LED照明及光元件,采鈺,18.2,-2.12,39.04604,3.76,100.23134,1.75,239.50187,16,1156.87245,-6.42,100.23134,1.75,6789
電子–電腦及週邊設備,電子中游-EMS,神達,9.76,-0.74,51.09309,-5.1,420.94155,-7.41,1287.88978,-16.93,9223.26515,19.96,420.94155,-7.41,3706
電子–電腦及週邊設備,電子中游-主機板,微星,4.18,1.79,42.81739,-7.23,185.71343,-2.5,598.53759,-10.33,1957.3375,-49.64,185.71343,-2.5,2377
電子–光電,電子上游-LED照明及光元件,億光,1.63,2.05,16.05886,0.53,46.71653,2.72,157.17235,-0.7,417.96332,-29.02,46.71653,2.72,2393
電子–其他電子,電子上游-IC-其他,光焱科技,2.07,-0.66,11.41957,-7.27,27.54129,13.22,55.84336,100.32,108.1598,0,27.54129,13.22,7728
金融保險,金融-金控,中信金,15.6,-0.19,81.72999,2.36,295.59916,3.59,1045.06336,22.64,5100.18446,36.34,295.59916,3.59,2891
電子–通信網路,電子下游-手機製造,宏達電,3.13,3.37,19.58533,-3.7,80.22915,-7.52,316.16284,-8.45,2525.7375,-2.99,80.22915,-7.52,2498
電子–光電,電子中游-LCD-TFT面板,元太,9.37,-0.6,48.99128,-2.22,236.47181,-10.86,649.46569,-14.73,3273.09257,-32.2,236.47181,-10.86,8069
電子–光電,電子上游-PCB-材料設備,高僑,0.00527,1.56,1.24832,-4.61,14.02027,-10.48,33.85296,23.96,91.38866,6.62,14.02027,-10.48,6234
電子–電腦及週邊設備,電子中游-主機板,技嘉,13.8,0.46,48.52133,-0.63,264.26636,-4.81,664.49825,-11.05,3008.69807,-4.38,264.26636,-4.81,2376
金融保險,金融-金控,元大金,6.35,1.21,48.93387,3.25,200.46045,9.29,640.10978,23.6,2134.15138,28.71,200.46045,9.29,2885
電子–半導體,電子上游-IC-設計,聯詠,8.42,0.13,103.7965,0.26,370.51866,2.81,768.89647,-2.9,3252.57678,-25.68,370.51866,2.81,3034
電子–電子零組件,電子上游-PCB-材料設備,志聖,4.16,-1.75,32.20694,3.84,160.84704,2.59,386.06713,43.98,911.66225,47.87,160.84704,2.59,2467
電子–半導體,電子上游-IC-封測,博磊,0.04627,0.74,3.30311,-5.63,30.78716,-3.3,122.23835,40.52,183.476,43.91,30.78716,-3.3,3581
電子–電子零組件,電子上游-PCB-製造,律勝,0.02458,-1.07,1.11352,-9.28,10.56511,-8.01,26.2386,70.87,33.05872,25.48,10.56511,-8.01,3354
電子–通信網路,電子上游-PCB-製造,新復興,3.09,2.02,15.02857,-7.91,65.41802,-5.25,140.36466,22.05,494.59813,-28.88,65.41802,-5.25,4909
電子–電子零組件,電子上游-被動元件,日電貿,1.26,-0.54,18.09701,-6.9,201.18824,-3.96,531.65827,11.31,920.72792,37.25,201.18824,-3.96,3090
生技醫療,傳產-生技,美時,3.24,-0.37,142.07498,13.38,387.52115,25.8,764.77535,24.91,1748.97065,31.96,387.52115,25.8,1795
其他,傳產-其他,jpp-KY,7,9.86,11.47788,0.37,53.56127,-3.74,389.15745,-5.09,1280.16409,84.08,53.56127,-3.74,5284
電子–電腦及週邊設備,電子中游-機殼,晟銘電,1.27,-0.98,13.84428,-4.6,74.39031,-12.64,463.96899,-8.06,2639.89401,-12.22,74.39031,-12.64,3013
水泥工業,傳產-水泥,台泥,4.93,1.41,51.5417,3.11,242.99917,14.22,462.97488,25.59,1816.74963,-13.62,242.99917,14.22,1101
其他,傳產-其他,世紀*,2.17,-1.12,11.24816,2.89,49.98811,2.15,106.95661,-7.47,1612.1493,-10.92,49.98811,2.15,5314
金融保險,金融-金控,第一金,6.45,1.2,25.17987,-0.17,104.58533,-0.85,515.30057,2.28,1719.78398,10.92,104.58533,-0.85,2892
電子–半導體,電子下游-太陽能,中美晶,2.93,1.32,73.99595,0,295.48195,14.54,485.27329,0.82,1853.63576,13.49,295.48195,14.54,5483
電子–電腦及週邊設備,電子下游-筆記型電腦,宏碁,4.55,0.75,35.06495,-2.84,178.19693,-2.65,497.49708,-13.18,1329.8239,-29.32,178.19693,-2.65,2353
電子–半導體,電子上游-IC-半導體設備,昇陽半導體,4.49,-1.12,40.63944,0,442.14609,-1.97,790.85435,2.05,4420.81888,45.79,442.14609,-1.97,8028
綠能環保,傳產-綠能環保,金益鼎,0.09954,-2.75,13.69103,6.67,52.70183,15.04,132.55075,65.34,280.01413,61.72,52.70183,15.04,8390
電子–電子零組件,電子上游-PCB-製造,亞電,0.03471,1.53,37.91473,-24.76,108.19891,4.89,351.40468,40.88,380.69839,96.14,108.19891,4.89,4939
電子–半導體,電子上游-IC-設計,安國,1.31,-0.94,21.61969,10.37,77.54441,-6.67,497.43509,6.4,1598.24794,6.83,77.54441,-6.67,8054
電子–電子零組件,電子上游-PCB-材料設備,中探針,4.4,9.9,72.47166,1.3,178.78104,21.48,293.05098,14.97,741.41272,76.96,178.78104,21.48,6217
電子–光電,電子下游-數位相機,佳能,1.74,-0.96,175.77686,9.74,304.70277,21.91,695.24521,18.1,3248.28389,65.94,304.70277,21.91,2374
鋼鐵工業,傳產-航運,豐達科,0.01784,0,3.04823,-5.06,21.52517,8.7,44.27411,1.81,486.78416,16.1,21.52517,8.7,3004
電子–其他電子,電子中游-變壓器與UPS,旭隼,3.26,0.93,56.20126,-1.81,196.82915,-5.25,668.5685,-20.69,1576.12373,-44.34,196.82915,-5.25,6409
電子–半導體,電子上游-IC-封測,精材,4.56,-2.21,116.81894,0.88,422.27708,24.1,516.74786,15,1487.9133,-2.41,422.27708,24.1,3374
電子–半導體,電子上游-IC-代工,世界,10.8,-0.84,322.23346,1.03,1282.66407,59.61,1503.67252,48.94,2832.51609,80.37,1282.66407,59.61,5347
電子–半導體,電子上游-IC-設計,瑞昱,8.22,1.54,101.95287,-0.39,468.23023,4.5,994.51612,0.99,3193.06887,-3.71,468.23023,4.5,2379
電子–通信網路,電子上游-半導體元件,全新,8.6,-0.46,110.36024,-3.66,484.87119,12.87,763.97027,15.93,2213.89087,11.89,484.87119,12.87,2455
化學工業,傳產-化學工業,晶呈科技,1.68,-1.55,28.7871,1.5,154.186,4.37,305.03781,66.39,503.94986,184.09,154.186,4.37,4768
金融保險,金融-金控,國泰金,15.8,-0.82,83.55514,1.06,339.50089,0.79,1209.2447,18.27,5497.06808,17.25,339.50089,0.79,2882
電子–其他電子,電子下游-其他,鼎炫-KY,0.02712,-2.75,3.54826,5.32,13.22295,-6.77,54.09361,14.26,171.00037,160.43,13.22295,-6.77,8499
電子–電子零組件,電子上游-連接元件,詮欣,0.06652,1.51,2.38921,-8.49,16.26128,-14.84,28.72357,26.92,51.06502,-26.77,16.26128,-14.84,6205
電子–光電,電子中游-光學鏡片,亞光,4.43,-1.48,159.17418,5.33,301.74091,13.67,459.46386,9.72,4797.7247,-17.76,301.74091,13.67,3019
電子–其他電子,傳產-塑膠,佶優,0.07791,4.85,6.38711,-4.5,34.98271,9.22,42.96366,35.98,92.69312,8.83,34.98271,9.22,5452
電子–通信網路,電子中游-通訊設備,昇達科,19,-5.07,44.21618,10.04,449.98824,59.79,908.05702,158.03,2717.38702,170.15,449.98824,59.79,3491
電子–光電,電子中游-儀器設備工程,晶彩科,17.6,10,33.73821,-1.09,207.24172,7.07,427.60478,25.66,1195.20228,114.06,207.24172,7.07,3535
電子–電子零組件,電子上游-被動元件,華新科,6.97,1.9,182.60791,-10.79,640.55019,20.09,1185.38212,18.57,2190.67299,53.59,640.55019,20.09,2492
電子–通信網路,電子中游-網通,啟碁,20.1,0.91,426.17784,25.18,684.24624,78.28,844.21789,39.53,1627.9413,25.54,684.24624,78.28,6285
其他,傳產-其他,中租-KY,5.8,1,28.3454,-0.95,152.55559,-1.42,535.16493,2.46,2015.49839,-8.64,152.55559,-1.42,5871
電子–電子通路,電子上游-IC-通路,全達,0.0037,0.46,1.96171,8.64,7.13122,-8.65,14.87354,36.79,25.45443,6.67,7.13122,-8.65,8068
鋼鐵工業,傳產-鋼鐵,大成鋼,10.8,3.71,88.50498,12.13,191.81765,12.92,449.32784,11.67,2660.214,-1.03,191.81765,12.92,2027
電子–電子零組件,電子上游-連接元件,良維,36,1.48,18.36373,-4.93,135.64447,-9.14,649.59533,-9.39,2327.41198,94.13,135.64447,-9.14,6290
電子–光電,電子中游-LCD-零組件,瑞儀,2.88,2.97,12.78082,-0.8,69.98785,0.4,195.08517,-5.32,792.99782,-30.04,69.98785,0.4,6176
電子–半導體,電子上游-IC-半導體設備,京鼎,5.06,3.85,41.12208,3.76,107.3288,4.32,282.99666,-16.09,936.95415,-4.4,107.3288,4.32,3413
電子–電腦及週邊設備,電子中游-磁碟陣列,普安,0.04452,0.99,29.49775,3.89,90.22934,9.08,223.41598,58.11,288.89109,29.82,90.22934,9.08,2495
電子–電腦及週邊設備,電子下游-筆記型電腦,英業達,3.73,-0.24,166.02455,-12.01,374.15842,5.01,654.79663,1.69,1980.33202,0.87,374.15842,5.01,2356
電子–電子零組件,電子上游-PCB-製造,楠梓電,1.54,-0.75,16.11075,-3.03,69.71071,-6.8,365.4902,-2.04,1699.39004,96.92,69.71071,-6.8,2316
化學工業,傳產-化學工業,雙鍵,12.4,9.92,9.68285,3.43,76.27536,14.76,177.84229,79.58,185.02209,159.14,76.27536,14.76,4764
電子–電子零組件,電子上游-連接元件,嘉澤,9.86,-1.26,126.86455,0,438.31275,12.74,887.47536,4.29,3646.97202,-17.21,438.31275,12.74,3533
電子–電子零組件,電子中游-散熱零組件,建準,5.79,-2.49,15.8214,-1.94,75.68898,-5.3,517.24263,1.67,1549.00309,69.49,75.68898,-5.3,2421
電機機械,傳產-其他,寶一,0.0073,-0.63,1.04709,-3.56,10.46268,4.08,25.88923,-5.08,1266.40271,7.35,10.46268,4.08,8222
電子–其他電子,電子中游-儀器設備工程,洋基工程,2.96,-2.31,23.95537,3.9,156.37308,9.86,390.4929,35.17,1130.32759,67.78,156.37308,9.86,6691
電子–其他電子,電子中游-機殼,鴻準,2.35,-0.72,17.26181,-1.67,77.42673,-4.7,239.90797,-14.78,1937.02236,-19.12,77.42673,-4.7,2354
綠能環保,傳產-綠能環保,兆聯實業,12.9,2.59,21.57212,-2.17,156.74935,4.19,435.256,22.62,943.10885,0,156.74935,4.19,6944
電子–電子零組件,電子上游-PCB-材料設備,群翊,1.35,-3.04,5.89561,0.53,40.77649,-4.35,135.0932,5.54,445.39409,37.66,40.77649,-4.35,6664
電子–電子零組件,電子上游-連接元件,廣宇,1.04,-1.25,39.82407,-3.3,118.22493,6.04,213.15627,-1.31,2473.01953,33.52,118.22493,6.04,2328
電子–電腦及週邊設備,電子下游-筆記型電腦,仁寶,8.04,3.45,98.24892,-3.93,290.56199,4.61,576.40395,-1.7,2518.44642,-13.42,290.56199,4.61,2324
化學工業,傳產-化學工業,材料*-KY,2.01,1.91,10.81467,-1.19,58.62358,-3.85,251.21291,-16.97,2876.23391,-44.86,58.62358,-3.85,4763
鋼鐵工業,傳產-鋼鐵,長榮鋼,0.05858,-2.44,4.79096,3,23.98015,6.63,129.52316,-5.94,313.94906,19.49,23.98015,6.63,2211
電子–電子零組件,電子上游-連接元件,鴻碩,0.09754,-9.92,2.38333,2.77,8.74514,1.56,17.69603,89.78,24.47346,-13.33,8.74514,1.56,3092
航運業,傳產-航運,萬海,18.6,-0.13,25.98916,-3,110.65176,-5.71,630.58666,-9.5,4187.58207,-1.56,110.65176,-5.71,2615
電子–半導體,電子上游-IC-代工,環宇-KY,3.66,3,16.2371,11.11,132.27847,0.66,549.54619,37.72,4156.61491,60.28,132.27847,0.66,4991
電子–半導體,電子上游-IC-製造,強茂,23.4,1.44,144.02254,-1.21,528.6314,22.6,1260.81717,28.37,2783.3476,106.78,528.6314,22.6,2481
電子–通信網路,傳產-電線電纜,聯光通,1.38,-1.2,14.52057,11.07,37.98084,1.41,184.58899,48.28,248.74272,7.34,37.98084,1.41,4903
金融保險,金融-金控,永豐金,4.12,0,23.78783,0.52,105.82675,1.92,397.77813,10.21,1961.37939,39.47,105.82675,1.92,2890
電子–半導體,電子上游-IP/ASIC,智原,2.15,-0.31,45.52733,-0.29,152.65582,0.59,362.59831,-1.44,2530.60018,-27.63,152.65582,0.59,3035
電子–電子零組件,電子下游-電腦周邊,群光,4.8,0,20.57997,-2.09,110.49888,0,238.76362,-9.65,1232.79673,-21.27,110.49888,0,2385
塑膠工業,傳產-塑膠,台化,21,4.78,152.4147,25.71,266.64278,37.07,561.56333,54.66,1317.71376,68.45,266.64278,37.07,1326
金融保險,金融-金控,凱基金,7.58,0.49,39.2822,2.25,134.34424,5.22,388.06529,13.79,1858.6891,9.34,134.34424,5.22,2883
生技醫療,傳產-生技,保瑞,1.85,0.62,93.49911,20.86,181.46138,27.05,359.29283,-2.52,1815.9132,-14.35,181.46138,27.05,6472
電子–電腦及週邊設備,電子中游-二次電池,新普,1.34,0.16,13.95508,-3.11,59.22701,-4.46,158.85522,-0.07,591.25546,0.36,59.22701,-4.46,6121
電子–通信網路,電子中游-網通,是方,0.04121,1.66,3.44232,-4.74,11.91227,-11.6,32.84167,-5.02,104.90944,-21.9,11.91227,-11.6,6561
電子–半導體,電子上游-IC-設計,廣穎,0.02753,-1.99,12.07216,-1.92,87.8344,31.61,132.80129,45.51,223.44875,60.38,87.8344,31.61,4973
電子–電子零組件,電子上游-PCB-材料設備,金居,6.63,1.78,330.11994,-10.53,789.36953,-4.87,2301.32735,10.48,9621.20673,378.31,789.36953,-4.87,8358
電子–電子零組件,電子上游-連接元件,新日興,4.32,1.04,62.70683,-8.04,341.23824,1.73,621.62434,1.73,4136.5594,-20.03,341.23824,1.73,3376
電子–光電,電子中游-光學鏡片,玉晶光,1.02,0.12,21.48485,-1.4,85.59318,1.56,293.19626,11.34,1155.45037,-0.88,85.59318,1.56,3406
電子–通信網路,電子下游-電信服務,遠傳,3.64,1.64,16.59043,-0.34,63.2048,0.79,284.28982,-5.32,1353.70075,3.19,63.2048,0.79,4904
化學工業,傳產-化學工業,三晃,0.01486,0.58,1.80625,-4.46,23.313,10.3,31.73476,58.95,61.44461,21.74,23.313,10.3,1721
電子–半導體,電子上游-IC-半導體設備,華景電,10.4,-2.92,21.11414,2.23,137.16776,-15.97,308.66167,37.47,860.67927,61.5,137.16776,-15.97,6788
電子–半導體,電子上游-IC-設計,矽力*-KY,8.47,-0.39,230.75691,15.86,692.87606,56.4,1038.23168,42.28,2771.10345,-14.93,692.87606,56.4,6415
運動休閒,傳產-其他,寶成,1.45,1.01,14.31265,0.65,65.74173,2.82,181.36373,8.2,1089.88862,-11.96,65.74173,2.82,9904
電子–其他電子,電子中游-儀器設備工程,倚強科,0.02552,2.03,1.17458,0.92,17.12874,-13.44,32.83015,10.61,181.44819,45.42,17.12874,-13.44,3219
電子–光電,電子下游-太陽能,國碩,18.6,7.4,19.30164,1.22,145.48264,15.25,289.82628,59.45,440.36077,113.97,145.48264,15.25,2406
電子–電子通路,電子上游-IC-通路,擎亞,4.47,-2.53,94.57078,40.49,148.22607,36.08,358.51083,32.95,1632.96821,8.9,148.22607,36.08,8096
電子–電子零組件,電子中游-金屬製品,南俊國際,2.14,-6.11,14.18577,-3.26,55.98125,-14.55,329.2044,9.61,762.85232,128.57,55.98125,-14.55,6584
電子–電子零組件,電子上游-PCB-製造,燿華,11,-1.29,431.08123,25.69,986.22437,85.29,1111.89928,93.85,1522.94307,73.31,986.22437,85.29,2367
電子–半導體,電子上游-IC-設計,旺玖,0.00941,2.88,0.73753,-3.77,4.25402,-4.9,9.21821,20.65,21.41781,-5.09,4.25402,-4.9,6233
電子–光電,電子中游-LCD-STN面板,正達,2.01,0.97,76.38278,-7.58,229.21025,55.97,256.75377,50.62,641.95157,73.73,229.21025,55.97,3149
食品工業,傳產-食品,統一,6.36,0.98,36.89607,-2.29,164.05907,-6.1,544.80712,-7.3,2252.23256,-6.1,164.05907,-6.1,1216
電子–其他電子,電子中游-EMS,金寶,2.26,1.73,50.12401,-9.7,590.72445,22.54,790.35953,23.37,1320.26376,7.77,590.72445,22.54,2312
電子–光電,電子上游-LED照明及光元件,立碁,1.11,-1.35,26.70559,5.67,62.13978,-5.87,432.79137,15.03,1295.30461,50.77,62.13978,-5.87,8111
生技醫療,傳產-生技,合一,0.08308,2.04,11.9469,-1.31,73.73766,21.76,139.37187,2.58,573.95769,-13.65,73.73766,21.76,4743
電子–通信網路,電子中游-通訊設備,統新,1.09,5.3,16.20115,21.2,35.8415,13.89,142.58826,48.47,189.19905,39.43,35.8415,13.89,6426
電子–其他電子,電子上游-PCB-材料設備,達航科技,0.08108,10,8.07072,-12.87,25.51193,-8.55,102.36245,48.2,143.65546,105.37,25.51193,-8.55,4577
電子–半導體,電子上游-晶圓材料,IET-KY,27.2,0.71,142.90506,11.31,422.10599,28.55,1006.30875,161.31,1917.56525,165.67,422.10599,28.55,4971
電子–半導體,電子上游-IC-設計,點序,0.03926,-0.36,40.63903,7.11,178.27063,44.32,216.47574,56.94,363.12444,54.6,178.27063,44.32,6485
電子–電子通路,電子上游-IC-通路,聯強,1.84,0.57,14.37903,0.15,95.0399,15.37,340.0256,20.36,979.53251,-0.86,95.0399,15.37,2347
電子–半導體,電子上游-IC-半導體設備,辛耘,3.69,-1.11,17.33805,2.11,76.10122,1.2,135.05191,-3.43,1048.76037,-1.76,76.10122,1.2,3583
電子–電腦及週邊設備,電子中游-主機板,青雲,1.16,9.94,4.03101,0.47,29.77696,-6.01,74.25785,12.42,124.18682,27.73,29.77696,-6.01,5386
玻璃陶瓷,傳產-玻璃陶瓷,和成,0.01698,0,1.85899,-3.25,16.90888,10.26,26.0666,8.4,164.46206,17.7,16.90888,10.26,1810
汽車工業,傳產-汽車零組件,宇隆,1.69,-1.09,44.76714,11.13,112.69993,20.78,168.79811,30.3,688.09516,16.15,112.69993,20.78,2233
數位雲端,電子中游-磁碟陣列,威聯通,0.02497,2.73,2.20198,-4.09,16.76636,-25.92,37.66957,0,37.66957,0,16.76636,-25.92,7805
電子–電子零組件,電子上游-被動元件,信昌電,0.06112,-0.62,35.49599,-6.23,233.25165,7.12,681.83105,14.79,1043.34577,74.9,233.25165,7.12,6173
電子–電子零組件,電子上游-被動元件,佳邦,0.04039,-0.5,10.40488,-6.3,78.59352,5.25,127.37587,-1.26,315.44587,9.06,78.59352,5.25,6284
數位雲端,傳產-百貨,富邦媒,0.08045,-0.28,3.21542,0.52,21.67295,-6.99,63.85371,-18.22,245.7675,-39.51,21.67295,-6.99,8454
電子–半導體,電子上游-IC-封測,捷創科技,0.01366,-0.79,4.28117,-12.18,41.44635,-28.8,63.77734,0,63.77734,0,41.44635,-28.8,7810
電子–電子零組件,電子上游-被動元件,九豪,0.0877,-0.54,10.79773,-8.96,124.25281,4.25,240.69596,34.66,292.19396,35.95,124.25281,4.25,6127
建材營建,傳產-營建,中工,3.14,-2.05,17.38695,5.64,31.9401,9.77,117.19046,-8.05,304.89893,36.01,31.9401,9.77,2515
電子–半導體,電子上游-IC-封測,華東,5.32,-3.19,278.30608,1.67,1187.73508,38.29,2342.46775,240.95,2663.68717,492.95,1187.73508,38.29,8110
其他,傳產-航運,晟田,0.01613,1.03,3.24902,-3.56,30.48752,11.65,53.26802,3.84,1216.57973,36.05,30.48752,11.65,4541
化學工業,傳產-化學工業,台特化,8.98,2.97,28.02032,-1.49,278.1916,4.43,460.27809,3.94,1954.30105,49.65,278.1916,4.43,4772
建材營建,傳產-營建,工信,3.81,-9.94,8.46968,-8.25,78.76259,-7.07,157.27306,55,209.7054,96.38,78.76259,-7.07,5521
電子–通信網路,電子中游-網通,中磊,1.55,1.27,22.90669,0.12,76.51105,4.02,116.80579,-3.61,598.31993,-32.4,76.51105,4.02,5388
電子–電腦及週邊設備,電子下游-筆記型電腦,神基,9.57,-0.4,21.24794,-4.22,78.07003,-2.99,184.59725,-17.75,1033.01288,-0.05,78.07003,-2.99,3005
貿易百貨,傳產-百貨,統一超,3.22,-0.68,45.4266,0.23,148.92992,-3.39,346.73131,-8.74,1019.00002,-15.1,148.92992,-3.39,2912
電子–光電,電子下游-太陽能,茂迪,13,1.85,14.40966,0.68,69.71604,3.49,137.04264,32.84,205.98904,10.97,69.71604,3.49,6244
金融保險,金融-金控,兆豐金,5.45,0,44.24902,-1.01,145.01562,-1.63,441.09146,-3.2,1860.60519,5.61,145.01562,-1.63,2886
電子–其他電子,電子中游-儀器設備工程,巨漢,11.5,9.6,14.70693,0.37,115.04615,14.14,215.57373,85.27,247.94858,127.73,115.04615,14.14,6903
汽車工業,傳產-汽車,裕隆,1.08,0.51,6.78565,-0.16,29.26379,-4.07,151.97199,0.32,330.24991,-33.87,29.26379,-4.07,2201
化學工業,傳產-化學工業,台肥,1.7,3.71,5.62143,-0.32,23.76711,-2.3,67.99202,-3.51,239.95972,-5.41,23.76711,-2.3,1722
化學工業,傳產-化學工業,長興,13.6,2.45,141.27095,-7.27,897.03707,52.81,1011.91486,56.84,1601.37445,129.27,897.03707,52.81,1717
電子–半導體,電子上游-IC-設計,義隆,5.02,-4.01,11.9191,0.42,46.0062,0,135.66768,-2.47,651.63164,-21.07,46.0062,0,2458
電子–其他電子,電子中游-儀器設備工程,友威科,0.0329,5.24,1.82477,-2.16,25.25756,4.29,34.07829,17.04,154.4575,-6.95,25.25756,4.29,3580
電器電纜,傳產-電線電纜,大亞,1.32,-1.17,64.3358,-7.61,151.74555,15.15,239.55585,3.55,785.77802,11.03,151.74555,15.15,1609
電子–電腦及週邊設備,電子中游-NB與手機零組件,銘異,0.04227,-1.46,19.7581,3.96,96.6758,11.5,280.51732,63.89,352.36381,47.32,96.6758,11.5,3060
航運業,傳產-航運,台灣虎航,2.79,-6.34,4.45751,-4.45,22.8585,6.51,60.80303,2.38,891.3175,-10.23,22.8585,6.51,6757
電子–通信網路,電子下游-消費電子,美律,2.52,0.73,5.95948,-5.94,46.37746,5.42,154.62453,0,725.56686,2.18,46.37746,5.42,2439
紡織纖維,傳產-紡織纖維,儒鴻,2.14,-0.25,10.36207,-3.1,79.392,5.59,212.77698,0.12,917.47397,-21.48,79.392,5.59,1476
電子–電子通路,電子上游-IC-通路,利機,0.00503,0.33,1.20539,-7.63,5.86804,-8.99,19.46671,24.4,52.8778,-2.57,5.86804,-8.99,3444
生技醫療,傳產-生技,禾榮科,1.91,-4.07,7.93021,0.59,54.39825,-5.2,141.53307,-34.46,332.57415,0,54.39825,-5.2,7799
電子–光電,電子中游-其他,乙盛-KY,0.06341,-1.48,25.70311,5.61,55.66891,12.18,133.50491,9.21,356.89561,46.95,55.66891,12.18,5243
電子–電子零組件,電子上游-被動元件,晶技,1.25,2.22,8.49434,-0.79,43.02738,9.83,95.89058,5.12,359.19628,-6.75,43.02738,9.83,3042
電子–其他電子,電子上游-PCB-材料設備,聯策,0.01058,1.04,0.7985,-2.15,4.91517,-7,13.07322,-0.18,266.40248,-23.72,4.91517,-7,6658
電子–通信網路,電子上游-被動元件,璟德,0.04348,-1.36,12.40465,-2.69,60.63402,10.88,94.27967,42.36,138.58286,5.75,60.63402,10.88,3152
電子–光電,電子中游-LCD-TFT面板,彩晶,2.63,5.21,13.75973,-12.82,100.22142,8.97,120.65065,18.55,201.38172,7.73,100.22142,8.97,6116
化學工業,傳產-化學工業,中華化,4.25,-2.06,8.8611,-5.35,100.51173,1.96,223.98627,30,406.47388,56.68,100.51173,1.96,1727
生技醫療,傳產-生技,東洋,0.04365,0,4.04839,1.19,11.40363,4.42,38.38128,7.04,129.93881,16.62,11.40363,4.42,4105
電子–半導體,電子上游-晶圓材料,合晶,1.25,0.75,37.91207,-2.94,253.25647,23.21,330.98139,25.45,705.65389,58.79,253.25647,23.21,6182
電子–電子通路,電子上游-半導體元件,崇越,0.05678,0,8.72638,0.46,51.07802,13.4,134.13687,-2.8,474.99967,18.58,51.07802,13.4,5434
橡膠工業,傳產-橡膠,正新,4.26,0.86,12.23948,-1.12,63.77888,4.41,170.06365,-1.75,648.79852,-34.63,63.77888,4.41,2105
電子–半導體,電子上游-IC-封測,同欣電,6.77,1.6,143.66324,3.58,212.22176,8.24,329.29162,14.23,632.58921,21.81,212.22176,8.24,6271
電子–光電,電子中游-LCD-零組件,華宏,0.04807,6.27,2.12133,1.56,23.13946,14.95,27.28678,31.37,60.11351,-0.42,23.13946,14.95,8240
電子–半導體,電子上游-IC-代工,宏捷科,8.82,0.8,28.35535,-6.77,111.23799,9.86,228.35975,1.74,667.58935,30.2,111.23799,9.86,8086
電子–光電,電子上游-LED照明及光元件,冠西電,0.02545,-2.73,3.09298,-3.93,17.10873,-11.6,52.35108,17.99,232.01196,-31.66,17.10873,-11.6,2466
電子–通信網路,電子上游-LED照明及光元件,萊德光電-KY,2.29,1.7,29.91697,18.76,74.30177,58.95,131.5259,0,131.5259,0,74.30177,58.95,7717
電子–電子通路,電子中游-儀器設備工程,蔚華科,0.00728,-0.16,1.32793,-1.25,7.41111,-8.87,35.93378,27.98,94.71084,-9.32,7.41111,-8.87,3055
運動休閒,傳產-其他,鈺齊-KY,0.07279,-0.55,7.17771,-3.63,21.95418,-6.27,96.89018,-3.82,470.52538,-27.08,21.95418,-6.27,9802
電子–半導體,電子上游-IC-設計,宏觀,2.38,9.79,5.35477,5.24,17.86631,8.08,30.65052,28.9,77.3805,-10.19,17.86631,8.08,6568
電子–電腦及週邊設備,電子下游-顯示器,佳世達,1.45,0,17.83722,-0.19,42.02149,8.94,98.45686,-15.79,393.75175,-33.07,42.02149,8.94,2352
電子–半導體,電子上游-IC-設計,沛亨,2.01,-2.21,15.92559,31.1,32.46553,25.06,133.23547,86.64,251.28053,180.2,32.46553,25.06,6291
電子–其他電子,電子上游-連接元件,匯鑽科,0.08769,4.67,8.72283,2.07,69.6197,-5.19,137.18411,56.79,181.88483,13.96,69.6197,-5.19,8431
電機機械,傳產-電機,東台,0.04034,0.47,7.02558,-3.67,41.4624,11.83,68.43866,13.08,470.73712,11.83,41.4624,11.83,4526
電子–半導體,電子上游-IC-設計,威盛,0.0736,0.22,14.73633,-0.55,47.96111,4.41,175.73894,8.8,587.33325,-40.75,47.96111,4.41,2388
電子–資訊服務,軟體-系統整合,零壹,1.62,1.69,6.92004,1.35,21.54773,0,57.77156,-1.31,935.99519,-24.04,21.54773,0,3029
電子–其他電子,電子中游-其他,竹陞科技,13.3,6.71,37.97079,29.11,76.71469,19.95,235.25995,25.14,904.04568,236.78,76.71469,19.95,6739
運動休閒,傳產-其他,志強-KY,0.04897,-3.13,2.21477,-4.59,15.77437,-1.42,48.6452,-12.61,406.75197,-18.8,15.77437,-1.42,6768
綠能環保,傳產-綠能環保,昶昕,3.52,7.93,5.84533,1.59,15.73708,52.74,19.80495,110.18,31.75061,113.55,15.73708,52.74,8438
電子–電子零組件,電子上游-PCB-材料設備,川寶,0.0045,0.87,0.27473,0.13,2.0024,-9.85,6.05478,14.58,34.12057,-9.81,2.0024,-9.85,1595
電子–半導體,電子上游-IC-設計,神盾,0.04862,-0.47,6.70274,0.43,25.56318,-4.15,122.58976,-12.17,886.85323,-21.96,25.56318,-4.15,6462
化學工業,傳產-化學工業,南寶,0.09582,-0.92,5.6101,0.47,24.61926,1.27,64.89413,-13.45,609.44852,-2.89,24.61926,1.27,4766
電子–半導體,電子上游-IC-封測,頎邦,0.0714,0.38,8.56464,-1.04,48.33299,6.12,99.15224,-2.39,430.10131,-4.78,48.33299,6.12,6147
電子–電子零組件,電子下游-電腦周邊,致伸,1.95,2.58,6.86841,1.01,42.55045,4.17,125.75042,-5.55,454.99033,-1.4,42.55045,4.17,4915
電子–電子零組件,電子上游-被動元件,臺慶科,4.95,0.95,20.31803,-9.43,140.9817,8.19,278.12066,8.19,430.90265,33.17,140.9817,8.19,3357
電子–半導體,電子上游-IC-封測,典範,0.02061,-1.13,2.94451,-3.91,18.49707,2.55,34.30458,20.44,49.50452,58.42,18.49707,2.55,3372
電子–電子零組件,電子下游-資訊通路,好德,0.000332,-0.39,0.11516,-2.09,0.84773,-4.44,3.32019,7.05,7.04477,8.18,0.84773,-4.44,3114
電子–光電,電子下游-太陽能,聯合再生,6.48,-3.01,7.01073,4.35,43.52442,25.44,78.92112,60.24,139.28439,11.46,43.52442,25.44,3576
電機機械,電子上游-IC-其他,易發,0.00907,-1.3,3.12424,-9.04,11.73949,-16.1,57.42861,3.18,141.08887,17.55,11.73949,-16.1,6425
電子–電腦及週邊設備,電子下游-工業電腦,研華,71.9,9.49,42.49723,6.83,130.82377,5.9,347.34405,-1.29,1489.98537,-23.34,130.82377,5.9,2395
汽車工業,傳產-汽車,吉茂,0.01206,-1.5,2.57322,-7.41,20.48625,-3.85,62.09196,15.29,100.68338,35.56,20.48625,-3.85,1587
電子–半導體,電子上游-IC-設計,天鈺,0.09752,3.89,6.05475,-1.95,46.04557,5.23,91.05118,2.37,292.18952,-29.93,46.04557,5.23,4961
食品工業,傳產-食品,卜蜂,1.66,3.81,5.34504,-0.66,39.45172,14.45,141.59265,7.12,374.76897,65.51,39.45172,14.45,1215
電子–其他電子,電子中游-儀器設備工程,信紘科,1.26,-0.75,4.57629,-4.38,41.45367,-5.99,106.03591,-2.52,771.22696,51.35,41.45367,-5.99,6667
電子–半導體,電子上游-IC-代工,全訊,1.11,-0.72,8.88461,-3.05,34.21335,10.85,61.54395,3.62,285.21536,42.56,34.21335,10.85,5222
電機機械,傳產-電機,中興電,7.72,0,165.31764,-3.26,677.96648,19.06,896.76275,16.34,2734.90676,24.92,677.96648,19.06,1513
電子–電子零組件,電子上游-被動元件,金山電,0.03556,-1.09,9.88312,-9.63,166.67017,13.81,407.86535,50.8,495.05525,78.89,166.67017,13.81,8042
綠能環保,傳產-綠能環保,上緯投控,0.09227,1.29,8.72195,-4.03,38.65724,7.21,114.7645,-2.86,709.50524,46.73,38.65724,7.21,3708
電子–電腦及週邊設備,電子中游-主機板,華擎,0.08632,-0.45,4.98381,-2.85,36.69621,-10.69,128.39849,-30.13,733.33264,-11.56,36.69621,-10.69,3515
電子–光電,電子上游-PCB-材料設備,達興材料,4.27,-2.12,19.75374,-0.3,114.00079,-3.31,215.44675,-11.01,1136.60539,85.82,114.00079,-3.31,5234
電子–電子零組件,電子上游-PCB-製造,博智,1.42,1.6,47.29033,32.67,89.93109,38.99,219.27903,44.14,812.02407,97.45,89.93109,38.99,8155
電子–通信網路,傳產-電線電纜,萬泰科,0.09333,-1.02,49.05943,-1.38,127.42019,14.25,210.15173,17.88,651.14808,47.22,127.42019,14.25,6190
其他,傳產-鋼鐵,統一實,0.05038,0.26,1.82913,-2.95,11.77113,1.69,50.40052,-2.69,195.87478,25.52,11.77113,1.69,9907
電機機械,傳產-電機,上銀,15.2,-3.97,171.45176,10.28,335.69763,32.73,513.06739,18.66,2939.68391,-22.8,335.69763,32.73,2049
電子–光電,電子中游-機殼,能率,0.03571,-1.81,30.40917,0.4,66.75028,6.4,166.40323,7.87,853.77694,45.82,66.75028,6.4,5392
金融保險,金融-保險,三商壽,0.05223,0,6.01945,0.5,20.43557,-0.38,89.56537,11.78,205.50571,13.86,20.43557,-0.38,2867
電子–光電,電子上游-LED照明及光元件,銘旺科,0.01198,-1.73,2.47939,-6.79,8.30852,-16.08,33.95518,-29.97,786.07873,107.08,8.30852,-16.08,2429
電子–電子零組件,電子上游-被動元件,凱美,0.06245,0.35,21.57202,-9.95,180.84362,4.4,475.19431,6.03,1064.64188,42.24,180.84362,4.4,2375
電子–電子零組件,電子上游-被動元件,立隆電,1.74,1.35,16.0424,-7.08,163.37657,4.21,372.02102,6.19,894.03736,20.12,163.37657,4.21,2472
電子–電子零組件,電子上游-連接元件,信邦,2.54,-2.56,52.13238,18.78,98.46163,16.62,192.71118,3.46,974.31432,-11.8,98.46163,16.62,3023
電子–半導體,電子上游-IC-封測,菱生,3.55,1.5,31.13713,-7.7,174.14709,24.01,260.65789,33.73,361.35247,64.62,174.14709,24.01,2369
電子–電子通路,電子上游-IC-通路,益登,1.71,4.58,8.74967,-1.8,81.14724,-1.68,197.33051,10.26,373.76196,40.14,81.14724,-1.68,3048
電子–電子零組件,電子上游-被動元件,鈞寶,0.03944,-1.17,15.23299,-13.85,106.28353,22.81,205.22069,104.54,223.97848,127.12,106.28353,22.81,6155
電子–半導體,電子上游-IC-封測,久元,0.03215,1.78,2.2694,1.85,10.40699,5.6,18.62343,21.98,40.028,24.39,10.40699,5.6,6261
電子–電腦及週邊設備,電子中游-PC介面卡,圓剛,0.01154,1.74,5.18974,2.56,11.59139,3.09,21.32082,5.12,162.82973,-27.45,11.59139,3.09,2417
電子–半導體,電子上游-IC-設計,原相,1.04,0.77,27.457,0.97,74.48743,2.96,168.83106,-9.15,1782.71293,-13.61,74.48743,2.96,3227
電子–通信網路,電子上游-半導體元件,聯亞,77,9.89,270.68675,27.74,672.96062,61.5,1343.08337,147.19,3691.03715,110.27,672.96062,61.5,3081
航運業,傳產-航運,慧洋-KY,1.37,-1.81,17.97548,-1.79,60.44885,4.86,255.97444,14.47,1417.4615,18.04,60.44885,4.86,2637
電子–電子通路,電子上游-IC-通路,華立,0.06184,-0.4,14.91237,5.98,44.00377,15.35,123.84277,35.82,270.87493,12.48,44.00377,15.35,3010
電子–半導體,電子上游-IC-設計,瑞鼎,0.06316,1.8,11.86746,1.71,46.86879,4.39,127.21738,-3.05,299.44212,-33.51,46.86879,4.39,3592
金融保險,金融-銀行,台中銀,2.39,1.48,13.11543,-1.47,42.69536,-3.37,108.05828,-6.51,408.11122,18.86,42.69536,-3.37,2812
綠能環保,電子中游-儀器設備工程,世禾,0.08246,-1.08,6.58459,-3.39,79.67242,-7.04,195.10184,13.85,715.50079,54.86,79.67242,-7.04,3551
航運業,傳產-航運,新興,15.2,-2.72,32.32641,0.85,78.3097,13.44,214.66501,26.01,426.35364,25.8,78.3097,13.44,2605
電子–電子零組件,電子中游-二次電池,長園科,0.0133,-1.8,1.54146,-7.01,26.28318,5.33,48.93973,18.03,139.9661,92.73,26.28318,5.33,8038
其他,傳產-其他,裕融,2.43,5.56,5.99913,-1.14,29.77763,-8.88,72.01521,-17.29,226.27609,-26.61,29.77763,-8.88,9941
電子–電子零組件,電子上游-連接元件,金橋,2.63,-2.75,22.52762,27.49,33.54545,29.33,62.34504,70.79,91.04472,41.06,33.54545,29.33,6133
鋼鐵工業,傳產-鋼鐵,沛波,0.000967,1.25,0.275,3.78,0.9979,2.33,2.88319,11.42,12.59131,-14.22,0.9979,2.33,6248
航運業,傳產-航運,裕民,4.88,-3.78,48.5952,-1.42,103.8721,3.64,341.22893,15.71,1562.65532,9.31,103.8721,3.64,2606
電子–半導體,電子上游-IC-設計,創惟,0.05867,0.11,10.04125,1.11,52.19517,6.84,112.70633,-3.85,964.45984,-41.36,52.19517,6.84,6104
其他,傳產-其他,能率亞洲,0.01563,-0.87,14.93331,21.52,21.2266,51.46,26.50256,0,26.50256,0,21.2266,51.46,7777
電子–電腦及週邊設備,電子中游-主機板,映泰,0.04394,-1.9,6.00094,-9.04,37.45477,-5.74,97.46142,12.05,209.09829,-4.64,37.45477,-5.74,2399
電子–半導體,電子上游-IC-封測,訊芯-KY,5.93,-2.56,17.86861,11.51,38.57552,2.11,139.19768,13,605.82043,-27.23,38.57552,2.11,6451
航運業,傳產-航運,台船,0.07731,-0.23,9.11278,2.22,32.63728,15,76.40191,12.75,437.3361,53.85,32.63728,15,2208
電子–半導體,電子上游-IC-導線架,順德,0.06177,1.23,26.06823,3.49,53.38005,18.56,92.14694,5.87,385.27538,0.87,53.38005,18.56,2351
生技醫療,傳產-生技,訊聯,0.03009,-1.36,2.38896,-3.33,11.8317,-4.73,39.73505,-2.86,94.86501,20.86,11.8317,-4.73,1784
電子–電腦及週邊設備,電子中游-機殼,營邦,7.17,0.23,16.9057,10.51,89.15866,35.42,149.18224,6.17,543.41085,4.08,89.15866,35.42,3693
電子–半導體,電子上游-IC-製造,德微,1.05,2.25,5.4379,5.57,17.40304,20.6,33.9536,3.54,221.73567,-15.86,17.40304,20.6,3675
電子–電子通路,電子上游-IC-導線架,長華*,0.07757,1.29,17.60562,-2.68,51.05526,8.75,119.81239,7.41,481.99595,22.16,51.05526,8.75,8070
電機機械,傳產-電機,亞力,6.15,0.43,124.83792,-5.69,441.38692,33.17,569.28945,18.3,1581.15462,42.3,441.38692,33.17,1514
電子–其他電子,電子下游-其他,所羅門,0.08871,-1.65,40.97909,3.79,89.74265,9.16,206.00256,6.61,1571.13865,-10.07,89.74265,9.16,2359
建材營建,傳產-營建,冠德,0.04506,2.9,3.61039,-6.76,14.65389,-8,63.65316,-5.91,345.47344,-32.38,14.65389,-8,2520
電子–半導體,電子上游-晶圓材料,漢磊,1.77,2.53,53.57702,-7.61,239.38264,17.18,317.83595,12.41,1131.53825,35.95,239.38264,17.18,3707
鋼鐵工業,傳產-鋼鐵,世紀鋼,0.09932,0,11.24816,2.89,49.98811,2.15,106.95661,-7.47,1612.1493,-10.92,49.98811,2.15,9958
電子–電子零組件,電子中游-電源供應器,僑威,0.07628,-0.66,3.56913,-4.07,19.64711,-8.88,54.73327,-16.43,870.32813,-23.42,19.64711,-8.88,3078
建材營建,傳產-營建,皇昌,21.8,9.96,5.72554,-2.11,32.61072,7.99,93.46347,-7.42,1267.08503,-24.77,32.61072,7.99,2543
運動休閒,傳產-高爾夫球,復盛應用,0.02388,0.37,3.58427,-2.35,22.67798,5.87,66.99355,9.51,465.54803,-17.48,22.67798,5.87,6670
化學工業,傳產-化學工業,康普,0.07479,-1.96,5.20733,-8.85,28.19984,9.05,58.93848,12.68,174.20227,31.11,28.19984,9.05,4739
電子–半導體,電子上游-IC-半導體設備,公準,0.00195,0.35,0.85998,4.09,2.28465,-3.78,6.02811,5.22,19.79021,-3.94,2.28465,-3.78,3178
電子–其他電子,傳產-其他,旭暉應材,0.00296,0.16,0.67633,-6.33,4.59476,12.8,6.9009,4.35,31.31369,-2.38,4.59476,12.8,6698
電子–其他電子,電子上游-IC-其他,汎銓,10.1,9.96,5.74534,-1.4,34.20624,1.15,61.85159,4.76,215.41462,19.94,34.20624,1.15,6830
汽車工業,傳產-汽車,和泰車,2.75,-0.97,8.50921,3.24,37.95419,-1.64,124.17262,-6.72,435.24122,-6.95,37.95419,-1.64,2207
金融保險,金融-銀行,彰銀,2.62,0.48,14.00762,0.99,92.41001,0,267.78072,1.49,1004.58101,21.65,92.41001,0,2801
運動休閒,傳產-其他,豐泰,3.34,-5.82,12.41176,-5.93,44.00234,-19.66,83.42744,-23.28,320.11131,-18.24,44.00234,-19.66,9910
電子–電子零組件,電子上游-PCB-材料設備,亞泰金屬,1.36,0.74,7.17165,2.32,22.80065,-1.67,64.53018,-3.02,163.6117,140.76,22.80065,-1.67,6727
紡織纖維,傳產-紡織纖維,聚陽,2.94,-0.48,18.44874,-4.13,102.6215,8.49,284.72236,15.93,1182.45076,-6.43,102.6215,8.49,1477
汽車工業,傳產-汽車零組件,東陽,1.36,-0.53,31.34732,-1.36,106.3106,12.37,224.99746,11.79,1033.63961,-0.37,106.3106,12.37,1319
電子–電子零組件,電子上游-被動元件,千如,0.02004,-1.83,6.38761,-14.03,74.98653,9.56,175.3164,36.95,216.0466,59.87,74.98653,9.56,3236
電子–電子零組件,電子上游-連接元件,瀚荃,0.08967,-0.97,12.33859,-12.51,75.38939,3.5,187.32261,-3.59,342.98503,65.21,75.38939,3.5,8103
鋼鐵工業,傳產-鋼鐵,中鴻,1.8,5.25,11.91593,15.38,39.05995,19.05,66.43458,30.21,405.79734,0.54,39.05995,19.05,2014
油電燃氣,傳產-塑膠,台塑化,41.1,9.93,41.93134,11.13,99.36542,9.62,288.26071,17.75,823.33601,48.78,99.36542,9.62,6505
電子–光電,電子中游-LCD-TFT面板,州巧,0.06784,1.57,17.76278,-11.01,57.72158,9.34,122.92692,-7.31,343.99332,106.56,57.72158,9.34,3543
電子–其他電子,電子中游-變壓器與UPS,碩天,0.03214,2.99,3.09807,-3.36,17.19239,-11.58,53.53635,-23.83,311.32738,-40.56,17.19239,-11.58,3617
化學工業,電子上游-PCB-材料設備,上品,0.0456,-1.08,6.73188,-0.41,49.45631,4.33,76.96242,-0.82,643.96652,-12.87,49.45631,4.33,4770
汽車工業,傳產-汽車零組件,帝寶,0.03339,-2.17,5.46953,-6.67,27.82972,10.39,65.60703,1.99,246.31892,-25.22,27.82972,10.39,6605
電子–電子零組件,電子上游-PCB-製造,騰輝電子-KY,0.08099,4.41,9.25847,-5.97,41.11324,2.05,67.77919,6.06,456.59754,23.51,41.11324,2.05,6672
汽車工業,傳產-汽車零組件,為升,0.01352,-0.11,3.02208,-7.71,14.8366,1.83,56.16356,-12.41,303.82585,2.16,14.8366,1.83,2231
電子–電子零組件,電子中游-電源供應器,華容,1.93,-2.92,5.17208,-12.3,71.35217,33.25,180.03805,54.65,276.9489,78.59,71.35217,33.25,5328
金融保險,金融-金控,華南金,3.04,-0.56,18.29905,1.5,65.45648,8.87,287.16445,14.02,981.07403,28.28,65.45648,8.87,2880
居家生活,傳產-其他,億豐,2.66,2.17,25.5349,0.98,68.62243,14.68,192.48337,11.29,788.13857,-1.19,68.62243,14.68,8464
電子–半導體,電子上游-晶圓材料,台勝科,1.56,-2.78,69.15931,9.74,250.65629,54.05,317.15968,53.4,624.96442,79.42,250.65629,54.05,3532
電子–電子零組件,電子上游-連接元件,鉅祥,0.05889,-0.76,5.70785,-4.68,36.8,1.04,78.48937,-9.42,611.85905,-0.11,36.8,1.04,2476
電子–半導體,電子上游-IC-設計,類比科,0.0024,0,0.56375,-1.69,2.77439,-6.79,10.64675,15.49,19.65919,-13.78,2.77439,-6.79,3438
其他,傳產-其他,天品,0.00519,1.06,3.61302,-7.31,15.56295,-6.02,23.40864,2.73,99.91646,-20.39,15.56295,-6.02,6199
其他,傳產-營建,潤泰新,0.09377,0.88,8.32808,0.17,39.20453,-1.51,94.52339,-2.17,521.28842,-26.88,39.20453,-1.51,9945
建材營建,傳產-營建,華固,1.75,0.44,2.85575,-1.83,17.96559,-7.73,67.29316,4.37,287.93527,7.61,17.96559,-7.73,2548
水泥工業,傳產-水泥,亞泥,2.39,0.44,18.50457,-0.28,76.77552,-4.84,212.4327,-0.42,832.83589,-6.57,76.77552,-4.84,1102
其他,傳產-水泥,國統,0.06144,0.19,3.22388,-2.26,14.82969,-6.14,79.23945,-11.56,292.16244,0.76,14.82969,-6.14,8936
生技醫療,傳產-生技,晶碩,0.03001,-1.05,3.10753,2.14,13.24274,0.35,43.01097,-17.82,204.3865,-22.26,13.24274,0.35,6491
建材營建,傳產-營建,國產,0.0668,-0.78,2.90104,-1.93,18.50539,-5.94,64.83952,-0.42,350.23663,-9.97,18.50539,-5.94,2504
運動休閒,傳產-其他,波力-KY,0.00519,-0.31,0.72319,-3.66,4.42637,2.22,12.4805,19.49,81.30373,-23.2,4.42637,2.22,8467
建材營建,傳產-營建,興富發,1.87,-1.09,7.5527,-1.7,34.02401,-6.34,103.31348,-1.44,489.64587,-3.31,34.02401,-6.34,2542
電子–電子零組件,電子上游-連接元件,宏致,1.72,-0.31,22.60023,2.15,43.29522,6.75,82.57316,-2.64,871.53106,13.08,43.29522,6.75,3605
電子–半導體,電子上游-IC-半導體設備,雍智科技,10.3,9.94,56.58706,25.21,111.5614,26.11,235.67644,29.38,720.0655,29.8,111.5614,26.11,6683
電子–電子零組件,電子上游-連接元件,佳必琪,2.12,-1.98,7.39261,-2.03,54.82573,4.32,108.03544,-13.69,699.47962,7.96,54.82573,4.32,6197
電機機械,傳產-電機,亞德客-KY,11.3,-4.59,34.88788,2.46,125.30733,11.83,363.38872,10.29,1796.37295,14.45,125.30733,11.83,1590
電子–其他電子,電子下游-其他,達明,0.06002,-0.94,37.65466,21.61,59.84231,18.2,112.40521,0.5,233.31969,0,59.84231,18.2,4585
金融保險,金融-證券,群益證,1.09,-0.99,13.91629,7.22,68.78724,27.14,135.60926,24.8,435.30669,26.14,68.78724,27.14,6005
電子–半導體,電子上游-IC-半導體設備,均豪,2.94,1.6,9.44325,-2.26,85.6785,6.43,126.06936,-0.98,1052.26242,3.53,85.6785,6.43,5443
鋼鐵工業,傳產-鋼鐵,允強,0.02322,1.51,4.00084,8.76,12.00747,4.44,25.92749,18.25,169.74445,12.99,12.00747,4.44,2034
綠能環保,電子下游-太陽能,泓德能源,0.0584,-0.5,5.86006,-1.3,22.14957,15.5,51.35475,-8.8,465.8365,-38.67,22.14957,15.5,6873
電子–電子零組件,電子上游-被動元件,立敦,0.01263,-1.12,4.73044,-9.09,48.37687,-4.85,169.43984,4.93,337.5302,23.52,48.37687,-4.85,6175
電子–電子零組件,電子中游-機殼,偉訓,0.02322,1.5,3.42051,-0.55,10.08969,-6.6,53.19281,-27.73,802.72228,-16.24,10.08969,-6.6,3032
塑膠工業,傳產-塑膠,中石化,11.6,9.99,14.28708,0.62,41.06375,5.02,212.43531,1.12,370.44478,10.42,41.06375,5.02,1314
電子–光電,電子下游-數位相機,華晶科,0.03779,0.26,14.48555,-9.9,50.46804,0.37,92.95319,-10.6,1166.55789,2.51,50.46804,0.37,3059
電子–電腦及週邊設備,電子中游-NB與手機零組件,加百裕,0.04208,-0.56,13.80993,-6.24,28.91141,-2.49,113.59728,-4.75,828.67275,17.42,28.91141,-2.49,3323
航運業,傳產-航運,星宇航空,0.09074,-0.23,5.79035,-1.91,22.15736,-2.33,52.79637,-2.95,311.78986,-18.55,22.15736,-2.33,2646
電子–光電,電子下游-太陽能,碩禾,1.61,-2.5,4.09553,3.31,28.24784,55.67,43.9807,88.54,106.89032,80.64,28.24784,55.67,3691
電子–半導體,電子上游-IC-設計,矽統,0.09251,0.8,90.70054,0.36,178.51472,18.67,230.65555,3.56,959.55572,-14.16,178.51472,18.67,2363
電子–半導體,電子上游-IC-半導體設備,均華,10.7,9.33,35.66483,16.74,138.96717,31.54,181.06655,33.87,760.63524,79.08,138.96717,31.54,6640
汽車工業,傳產-汽車零組件,劍麟,0.01102,-1.6,2.91643,-5.53,19.76665,-7.77,96.93872,3.18,322.4919,11.93,19.76665,-7.77,2228
電子–電子零組件,電子中游-電源供應器,飛宏,0.07008,0,40.38382,-20.23,153.92178,7.89,210.28328,4.41,389.68103,-9.29,153.92178,7.89,2457
化學工業,傳產-化學工業,永光,6.66,1.29,6.88424,-5.76,78.52936,10.97,96.54023,16.12,230.34023,4.01,78.52936,10.97,1711
電機機械,傳產-自行車,精確,0.05012,3.23,24.69746,3.21,48.28282,5.17,206.0596,0.33,626.65669,32.35,48.28282,5.17,3162
綠能環保,電子下游-太陽能,雲豹能源,1.1,-0.92,16.34153,5.58,42.24861,24.18,80.58441,-2.16,524.21621,-29.52,42.24861,24.18,6869
鋼鐵工業,傳產-鋼鐵,榮剛,1.32,0.14,6.82808,3.08,20.94861,9.5,49.73817,4.15,287.29307,-21.68,20.94861,9.5,5009
其他,傳產-其他,中鼎,0.06983,-0.65,4.29772,-2.15,22.67129,3.07,73.347,6.17,380.24293,-9.82,22.67129,3.07,9933
電子–通信網路,電子中游-網通,正文,0.04319,1.13,5.74434,1.62,20.84934,5.4,66.03333,11.42,169.15549,-10.89,20.84934,5.4,4906
電子–通信網路,電子中游-網通,光環,1.75,-4.76,28.9284,9.07,45.7297,28.38,81.14738,57.18,153.64975,13.73,45.7297,28.38,3234
電子–電子零組件,電子上游-連接元件,正崴,0.04768,2.58,3.40041,-0.87,16.7549,8.67,45.53405,-16.2,378.91395,-39.27,16.7549,8.67,2392
電子–其他電子,電子中游-儀器設備工程,漢科,0.09701,1.12,5.35454,-3.24,78.95983,0,109.52398,12.55,277.55875,40.25,78.95983,0,3402
電子–半導體,電子上游-IC-設計,立積,1.42,-1.72,7.99213,-0.81,26.71113,-2.78,84.80811,-17.79,831.19386,-37.34,26.71113,-2.78,4968
電子–電腦及週邊設備,電子中游-主機板,精英,0.06199,0.41,26.97011,-0.54,97.34427,24.15,149.89119,40.66,226.86823,23.1,97.34427,24.15,2331
生技醫療,傳產-生技,順藥,0.02776,-2.8,1.94661,0.55,7.79958,-6.68,27.52846,-9.25,212.11604,-26.81,7.79958,-6.68,6535
貿易百貨,傳產-百貨,遠百,0.03678,1.35,2.48999,1.14,11.20386,0.91,53.219,3.5,161.8528,4.82,11.20386,0.91,2903
運動休閒,傳產-其他,來億-KY,1.27,-1.66,7.1716,-5.32,30.75229,-7.58,214.29713,0.65,957.79011,-45.94,30.75229,-7.58,6890
生技醫療,傳產-生技,太景*-KY,0.01211,1.67,6.2294,-4.21,22.08829,1.87,40.13942,48.21,57.77327,16.67,22.08829,1.87,4157
橡膠工業,傳產-橡膠,國際中橡,1.68,7.53,2.88266,2.07,10.40709,6.96,27.28079,22.39,62.98505,-1.6,10.40709,6.96,2104
電子–電腦及週邊設備,電子下游-商業自動化,飛捷,0.03809,2.28,2.71294,-2.25,14.23172,-0.76,49.24976,-13.24,990.38509,-30.15,14.23172,-0.76,6206
電子–半導體,電子上游-IC-設計,奕力-KY,0.07505,-1.69,6.83109,4.11,21.69731,3.71,70.27504,-3.68,632.22792,-29.81,21.69731,3.71,6962
電子–電腦及週邊設備,電子下游-工業電腦,樺漢,1.16,1.11,9.69122,-0.34,57.88113,1.05,143.41146,2.84,531.33398,-2.4,57.88113,1.05,6414
汽車工業,傳產-汽車零組件,和大,0.05682,-1.07,22.33238,-1.26,60.06883,12.01,96.80789,8.32,1315.03037,-7.33,60.06883,12.01,1536
電子–資訊服務,軟體-系統整合,精誠,0.04784,0.9,5.63352,1.72,16.50516,0.42,58.12906,-7.42,383.42944,-11.74,16.50516,0.42,6214
電子–光電,電子中游-其他,熒茂,0.00411,-1.38,0.37166,-2.17,4.39915,-6.44,12.15735,9.76,59.75193,-1.66,4.39915,-6.44,4729
汽車工業,傳產-汽車零組件,百達-KY,0.00753,0.89,1.89895,2.23,9.8868,-1.29,33.60298,34.82,114.20019,-9.64,9.8868,-1.29,2236
其他,傳產-紡織纖維,百和,0.03113,0,4.91827,-4.88,16.12148,0.4,42.65068,-11.52,236.28497,-24.19,16.12148,0.4,9938
電子–通信網路,電子中游-網通,智易,6.93,1,10.57456,-2.99,37.72128,2.59,87.17583,-11.19,667.15395,-4.65,37.72128,2.59,3596
其他,傳產-塑膠,宏全,0.05872,-0.83,10.42252,2.5,28.48094,1.65,73.3505,-1.6,371.23053,-18.7,28.48094,1.65,9939
電子–半導體,電子上游-IP/ASIC,M31,2.63,-1.09,49.26301,13.83,112.79235,28.78,209.81014,18.41,945.16342,-29.88,112.79235,28.78,6643
電子–通信網路,電子中游-通訊設備,星通,0.02433,1.59,10.96846,6.38,40.23637,19.84,81.51632,72.75,124.19817,21.75,40.23637,19.84,3025
運動休閒,傳產-運動休閒,喬山,2.72,5.56,5.50513,-3.34,25.506,-4.3,60.13135,-6.47,433.95369,-10.65,25.506,-4.3,1736
電機機械,傳產-電機,台灣精銳,0.09641,0.92,33.82529,6.38,80.6087,22.7,145.37442,30.08,1204.28688,-9.01,80.6087,22.7,4583
電子–光電,電子下游-安全監控,昇銳,0.0029,0.79,0.63946,-1.94,3.49075,-6.87,9.46073,0.36,337.24056,6.07,3.49075,-6.87,3128
電子–電子零組件,電子上游-連接元件,優群,0.08648,-0.32,5.93063,-1.24,29.09672,0,103.47513,-22.44,368.59814,9.58,29.09672,0,3217
電子–電腦及週邊設備,電子下游-筆記型電腦,藍天,0.01718,1.05,0.94841,-1.79,4.38324,-0.65,16.92701,-0.26,99.33473,-21.14,4.38324,-0.65,2362
電子–電腦及週邊設備,電子下游-電腦周邊,昆盈,0.03261,-0.74,34.18149,14.29,50.86347,21.39,96.51898,13.21,758.75145,-3.51,50.86347,21.39,2365
塑膠工業,傳產-塑膠,台苯,1.09,9.79,1.82654,3.19,5.57409,2.26,11.08665,7.86,27.01151,-9.85,5.57409,2.26,1310
電子–半導體,電子上游-晶圓材料,嘉晶,0.07105,0.88,30.29587,-9.09,134.91767,25.24,168.66219,19.18,479.07892,59.01,134.91767,25.24,3016
